{
    "count": {
        "wbgt_rcp8_se6flor": 10348.0,
        "wbgt_hist_se6flor": 10348.0,
        "wbgt_rcp4_comflor-hist_comflor": 10348.0,
        "wbgt_rcp4_se6flor-hist_comflor": 10348.0,
        "wbgt_rcp8_comflor": 10348.0,
        "wbgt_rcp8_se6flor-hist_comflor": 10348.0,
        "wbgt_hist_comflor-ERA5": 10348.0,
        "wbgt_rcp8_comflor-hist_comflor": 10348.0,
        "wbgt_hist_se6flor-hist_comflor": 10348.0,
        "wbgt_rcp8_se6flor-rcp8_comflor": 10348.0,
        "wbgt_hist_comflor": 10348.0,
        "wbgt_rcp4_se6flor": 10348.0,
        "wbgt_ERA5": 10348.0,
        "wbgt_rcp4_se6flor-rcp4_comflor": 10348.0,
        "wbgt_rcp4_comflor": 10348.0,
        "local_0-2km_start": 3983.0,
        "regional_2-5km_start": 3983.0,
        "regional_5-10km_start": 3983.0,
        "regional_10-25km_start": 3983.0,
        "regional_25-50km_start": 3983.0,
        "regional_50-100km_start": 3983.0,
        "local_0-2km_end": 3983.0,
        "regional_2-5km_end": 3983.0,
        "regional_5-10km_end": 3983.0,
        "regional_10-25km_end": 3983.0,
        "regional_25-50km_end": 3983.0,
        "regional_50-100km_end": 3983.0,
        "Delta_T": 3983.0,
        "regional_2-10km_start": 3983.0,
        "regional_2-10km_end": 3983.0,
        "regional_10-100km_start": 3983.0,
        "regional_10-100km_end": 3983.0
    },
    "mean": {
        "wbgt_rcp8_se6flor": 29.6831912994,
        "wbgt_hist_se6flor": 26.3814296722,
        "wbgt_rcp4_comflor-hist_comflor": 27.1454200745,
        "wbgt_rcp4_se6flor-hist_comflor": 27.8043460846,
        "wbgt_rcp8_comflor": 28.8308677673,
        "wbgt_rcp8_se6flor-hist_comflor": 29.6831912994,
        "wbgt_hist_comflor-ERA5": 25.7328491211,
        "wbgt_rcp8_comflor-hist_comflor": 28.8308677673,
        "wbgt_hist_se6flor-hist_comflor": 26.3814296722,
        "wbgt_rcp8_se6flor-rcp8_comflor": 29.6831912994,
        "wbgt_hist_comflor": 25.7328491211,
        "wbgt_rcp4_se6flor": 27.8043460846,
        "wbgt_ERA5": 25.7311592102,
        "wbgt_rcp4_se6flor-rcp4_comflor": 27.8043460846,
        "wbgt_rcp4_comflor": 27.1454200745,
        "local_0-2km_start": 0.7968507285,
        "regional_2-5km_start": 0.7913574851,
        "regional_5-10km_start": 0.7876520911,
        "regional_10-25km_start": 0.7852247298,
        "regional_25-50km_start": 0.7836052184,
        "regional_50-100km_start": 0.7813106716,
        "local_0-2km_end": 0.7382319422,
        "regional_2-5km_end": 0.7337406118,
        "regional_5-10km_end": 0.7308211261,
        "regional_10-25km_end": 0.729390795,
        "regional_25-50km_end": 0.7285508632,
        "regional_50-100km_end": 0.7269347461,
        "Delta_T": 0.4358596185,
        "regional_2-10km_start": 0.7895047881,
        "regional_2-10km_end": 0.732280869,
        "regional_10-100km_start": 0.7833802066,
        "regional_10-100km_end": 0.7282921348
    },
    "std": {
        "wbgt_rcp8_se6flor": 5.1055870056,
        "wbgt_hist_se6flor": 4.9707751274,
        "wbgt_rcp4_comflor-hist_comflor": 4.30408144,
        "wbgt_rcp4_se6flor-hist_comflor": 4.9819450378,
        "wbgt_rcp8_comflor": 4.2879281044,
        "wbgt_rcp8_se6flor-hist_comflor": 5.1055870056,
        "wbgt_hist_comflor-ERA5": 4.4405436516,
        "wbgt_rcp8_comflor-hist_comflor": 4.2879281044,
        "wbgt_hist_se6flor-hist_comflor": 4.9707751274,
        "wbgt_rcp8_se6flor-rcp8_comflor": 5.1055870056,
        "wbgt_hist_comflor": 4.4405436516,
        "wbgt_rcp4_se6flor": 4.9819450378,
        "wbgt_ERA5": 4.5031819344,
        "wbgt_rcp4_se6flor-rcp4_comflor": 4.9819450378,
        "wbgt_rcp4_comflor": 4.30408144,
        "local_0-2km_start": 0.279519436,
        "regional_2-5km_start": 0.2766847264,
        "regional_5-10km_start": 0.275114196,
        "regional_10-25km_start": 0.2696904106,
        "regional_25-50km_start": 0.25984497,
        "regional_50-100km_start": 0.2441690159,
        "local_0-2km_end": 0.3035367109,
        "regional_2-5km_end": 0.3001473241,
        "regional_5-10km_end": 0.2977370992,
        "regional_10-25km_end": 0.2910384584,
        "regional_25-50km_end": 0.2794738176,
        "regional_50-100km_end": 0.2621261445,
        "Delta_T": 0.8741508418,
        "regional_2-10km_start": 0.2756643984,
        "regional_2-10km_end": 0.2987251441,
        "regional_10-100km_start": 0.2547664526,
        "regional_10-100km_end": 0.2741050801
    },
    "min": {
        "wbgt_rcp8_se6flor": 11.0824165344,
        "wbgt_hist_se6flor": 8.0281829834,
        "wbgt_rcp4_comflor-hist_comflor": 9.6957902908,
        "wbgt_rcp4_se6flor-hist_comflor": 9.1524372101,
        "wbgt_rcp8_comflor": 11.1701335907,
        "wbgt_rcp8_se6flor-hist_comflor": 11.0824165344,
        "wbgt_hist_comflor-ERA5": 8.3105106354,
        "wbgt_rcp8_comflor-hist_comflor": 11.1701335907,
        "wbgt_hist_se6flor-hist_comflor": 8.0281829834,
        "wbgt_rcp8_se6flor-rcp8_comflor": 11.0824165344,
        "wbgt_hist_comflor": 8.3105106354,
        "wbgt_rcp4_se6flor": 9.1524372101,
        "wbgt_ERA5": 8.3570175171,
        "wbgt_rcp4_se6flor-rcp4_comflor": 9.1524372101,
        "wbgt_rcp4_comflor": 9.6957902908,
        "local_0-2km_start": 0.0164154251,
        "regional_2-5km_start": 0.0173882559,
        "regional_5-10km_start": 0.0184126984,
        "regional_10-25km_start": 0.0192063492,
        "regional_25-50km_start": 0.02,
        "regional_50-100km_start": 0.0734615385,
        "local_0-2km_end": 0.0162401402,
        "regional_2-5km_end": 0.0152083333,
        "regional_5-10km_end": 0.0179365079,
        "regional_10-25km_end": 0.0188888889,
        "regional_25-50km_end": 0.02,
        "regional_50-100km_end": 0.0628846154,
        "Delta_T": -4.0117048136,
        "regional_2-10km_start": 0.018514461,
        "regional_2-10km_end": 0.0181419807,
        "regional_10-100km_start": 0.0412169312,
        "regional_10-100km_end": 0.035026455
    },
    "25%": {
        "wbgt_rcp8_se6flor": 27.6966357231,
        "wbgt_hist_se6flor": 24.5273966789,
        "wbgt_rcp4_comflor-hist_comflor": 25.9441308975,
        "wbgt_rcp4_se6flor-hist_comflor": 26.232758522,
        "wbgt_rcp8_comflor": 27.3899583817,
        "wbgt_rcp8_se6flor-hist_comflor": 27.6966357231,
        "wbgt_hist_comflor-ERA5": 24.3849458694,
        "wbgt_rcp8_comflor-hist_comflor": 27.3899583817,
        "wbgt_hist_se6flor-hist_comflor": 24.5273966789,
        "wbgt_rcp8_se6flor-rcp8_comflor": 27.6966357231,
        "wbgt_hist_comflor": 24.3849458694,
        "wbgt_rcp4_se6flor": 26.232758522,
        "wbgt_ERA5": 24.3256363869,
        "wbgt_rcp4_se6flor-rcp4_comflor": 26.232758522,
        "wbgt_rcp4_comflor": 25.9441308975,
        "local_0-2km_start": 0.6461237006,
        "regional_2-5km_start": 0.6403610258,
        "regional_5-10km_start": 0.6282541494,
        "regional_10-25km_start": 0.6323990969,
        "regional_25-50km_start": 0.6408823529,
        "regional_50-100km_start": 0.6457937262,
        "local_0-2km_end": 0.4728267844,
        "regional_2-5km_end": 0.466267009,
        "regional_5-10km_end": 0.4650988796,
        "regional_10-25km_end": 0.4813220566,
        "regional_25-50km_end": 0.5035476923,
        "regional_50-100km_end": 0.5228510802,
        "Delta_T": -0.057421435,
        "regional_2-10km_start": 0.6368916637,
        "regional_2-10km_end": 0.4641627758,
        "regional_10-100km_start": 0.6438988403,
        "regional_10-100km_end": 0.5084087038
    },
    "50%": {
        "wbgt_rcp8_se6flor": 30.603181839,
        "wbgt_hist_se6flor": 27.724357605,
        "wbgt_rcp4_comflor-hist_comflor": 28.952960968,
        "wbgt_rcp4_se6flor-hist_comflor": 28.9162797928,
        "wbgt_rcp8_comflor": 30.4194450378,
        "wbgt_rcp8_se6flor-hist_comflor": 30.603181839,
        "wbgt_hist_comflor-ERA5": 27.6574935913,
        "wbgt_rcp8_comflor-hist_comflor": 30.4194450378,
        "wbgt_hist_se6flor-hist_comflor": 27.724357605,
        "wbgt_rcp8_se6flor-rcp8_comflor": 30.603181839,