{"count":{"wbgt_rcp8_se6flor":10348.0,"wbgt_hist_se6flor":10348.0,"wbgt_rcp4_comflor-hist_comflor":10348.0,"wbgt_rcp4_se6flor-hist_comflor":10348.0,"wbgt_rcp8_comflor":10348.0,"wbgt_rcp8_se6flor-hist_comflor":10348.0,"wbgt_hist_comflor-ERA5":10348.0,"wbgt_rcp8_comflor-hist_comflor":10348.0,"wbgt_hist_se6flor-hist_comflor":10348.0,"wbgt_rcp8_se6flor-rcp8_comflor":10348.0,"wbgt_hist_comflor":10348.0,"wbgt_rcp4_se6flor":10348.0,"wbgt_ERA5":10348.0,"wbgt_rcp4_se6flor-rcp4_comflor":10348.0,"wbgt_rcp4_comflor":10348.0,"local_0-2km_start":10348.0,"regional_2-5km_start":10348.0,"regional_5-10km_start":10348.0,"regional_10-25km_start":10348.0,"regional_25-50km_start":10348.0,"regional_50-100km_start":10348.0,"local_0-2km_end":10348.0,"regional_2-5km_end":10348.0,"regional_5-10km_end":10348.0,"regional_10-25km_end":10348.0,"regional_25-50km_end":10348.0,"regional_50-100km_end":10348.0,"Delta_T":10348.0,"regional_2-10km_start":10348.0,"regional_2-10km_end":10348.0,"regional_10-100km_start":10348.0,"regional_10-100km_end":10348.0},"mean":{"wbgt_rcp8_se6flor":29.6831912994,"wbgt_hist_se6flor":26.3814296722,"wbgt_rcp4_comflor-hist_comflor":27.1454200745,"wbgt_rcp4_se6flor-hist_comflor":27.8043460846,"wbgt_rcp8_comflor":28.8308677673,"wbgt_rcp8_se6flor-hist_comflor":29.6831912994,"wbgt_hist_comflor-ERA5":25.7328491211,"wbgt_rcp8_comflor-hist_comflor":28.8308677673,"wbgt_hist_se6flor-hist_comflor":26.3814296722,"wbgt_rcp8_se6flor-rcp8_comflor":29.6831912994,"wbgt_hist_comflor":25.7328491211,"wbgt_rcp4_se6flor":27.8043460846,"wbgt_ERA5":25.7311592102,"wbgt_rcp4_se6flor-rcp4_comflor":27.8043460846,"wbgt_rcp4_comflor":27.1454200745,"local_0-2km_start":0.3067120653,"regional_2-5km_start":0.3045976868,"regional_5-10km_start":0.3031714611,"regional_10-25km_start":0.3022371568,"regional_25-50km_start":0.3016137983,"regional_50-100km_start":0.3007306151,"local_0-2km_end":0.284149384,"regional_2-5km_end":0.2824206472,"regional_5-10km_end":0.2812969217,"regional_10-25km_end":0.2807463796,"regional_25-50km_end":0.2804230855,"regional_50-100km_end":0.2798010334,"Delta_T":0.1677646754,"regional_2-10km_start":0.3038845739,"regional_2-10km_end":0.2818587844,"regional_10-100km_start":0.3015271901,"regional_10-100km_end":0.2803234995},"std":{"wbgt_rcp8_se6flor":5.1055870056,"wbgt_hist_se6flor":4.9707751274,"wbgt_rcp4_comflor-hist_comflor":4.30408144,"wbgt_rcp4_se6flor-hist_comflor":4.9819450378,"wbgt_rcp8_comflor":4.2879281044,"wbgt_rcp8_se6flor-hist_comflor":5.1055870056,"wbgt_hist_comflor-ERA5":4.4405436516,"wbgt_rcp8_comflor-hist_comflor":4.2879281044,"wbgt_hist_se6flor-hist_comflor":4.9707751274,"wbgt_rcp8_se6flor-rcp8_comflor":5.1055870056,"wbgt_hist_comflor":4.4405436516,"wbgt_rcp4_se6flor":4.9819450378,"wbgt_ERA5":4.5031819344,"wbgt_rcp4_se6flor-rcp4_comflor":4.9819450378,"wbgt_rcp4_comflor":4.30408144,"local_0-2km_start":0.4247521701,"regional_2-5km_start":0.4215944682,"regional_5-10km_start":0.4195509977,"regional_10-25km_start":0.4171113285,"regional_25-50km_start":0.4139732805,"regional_50-100km_start":0.4092469173,"local_0-2km_end":0.4055827197,"regional_2-5km_end":0.4026717624,"regional_5-10km_end":0.4007213148,"regional_10-25km_end":0.398202479,"regional_25-50km_end":0.3946341861,"regional_50-100km_end":0.3893114036,"Delta_T":0.5822861817,"regional_2-10km_start":0.4205134023,"regional_2-10km_end":0.4016342479,"regional_10-100km_start":0.4126555606,"regional_10-100km_end":0.3930688542},"min":{"wbgt_rcp8_se6flor":11.0824165344,"wbgt_hist_se6flor":8.0281829834,"wbgt_rcp4_comflor-hist_comflor":9.6957902908,"wbgt_rcp4_se6flor-hist_comflor":9.1524372101,"wbgt_rcp8_comflor":11.1701335907,"wbgt_rcp8_se6flor-hist_comflor":11.0824165344,"wbgt_hist_comflor-ERA5":8.3105106354,"wbgt_rcp8_comflor-hist_comflor":11.1701335907,"wbgt_hist_se6flor-hist_comflor":8.0281829834,"wbgt_rcp8_se6flor-rcp8_comflor":11.0824165344,"wbgt_hist_comflor":8.3105106354,"wbgt_rcp4_se6flor":9.1524372101,"wbgt_ERA5":8.3570175171,"wbgt_rcp4_se6flor-rcp4_comflor":9.1524372101,"wbgt_rcp4_comflor":9.6957902908,"local_0-2km_start":0.0,"regional_2-5km_start":0.0,"regional_5-10km_start":0.0,"regional_10-25km_start":0.0,"regional_25-50km_start":0.0,"regional_50-100km_start":0.0,"local_0-2km_end":0.0,"regional_2-5km_end":0.0,"regional_5-10km_end":0.0,"regional_10-25km_end":0.0,"regional_25-50km_end":0.0,"regional_50-100km_end":0.0,"Delta_T":-4.0117048136,"regional_2-10km_start":0.0,"regional_2-10km_end":0.0,"regional_10-100km_start":0.0,"regional_10-100km_end":0.0},"25%":{"wbgt_rcp8_se6flor":27.6966357231,"wbgt_hist_se6flor":24.5273966789,"wbgt_rcp4_comflor-hist_comflor":25.9441308975,"wbgt_rcp4_se6flor-hist_comflor":26.232758522,"wbgt_rcp8_comflor":27.3899583817,"wbgt_rcp8_se6flor-hist_comflor":27.6966357231,"wbgt_hist_comflor-ERA5":24.3849458694,"wbgt_rcp8_comflor-hist_comflor":27.3899583817,"wbgt_hist_se6flor-hist_comflor":24.5273966789,"wbgt_rcp8_se6flor-rcp8_comflor":27.6966357231,"wbgt_hist_comflor":24.3849458694,"wbgt_rcp4_se6flor":26.232758522,"wbgt_ERA5":24.3256363869,"wbgt_rcp4_se6flor-rcp4_comflor":26.232758522,"wbgt_rcp4_comflor":25.9441308975,"local_0-2km_start":0.0,"regional_2-5km_start":0.0,"regional_5-10km_start":0.0,"regional_10-25km_start":0.0,"regional_25-50km_start":0.0,"regional_50-100km_start":0.0,"local_0-2km_end":0.0,"regional_2-5km_end":0.0,"regional_5-10km_end":0.0,"regional_10-25km_end":0.0,"regional_25-50km_end":0.0,"regional_50-100km_end":0.0,"Delta_T":0.0,"regional_2-10km_start":0.0,"regional_2-10km_end":0.0,"regional_10-100km_start":0.0,"regional_10-100km_end":0.0},"50%":{"wbgt_rcp8_se6flor":30.603181839,"wbgt_hist_se6flor":27.724357605,"wbgt_rcp4_comflor-hist_comflor":28.952960968,"wbgt_rcp4_se6flor-hist_comflor":28.9162797928,"wbgt_rcp8_comflor":30.4194450378,"wbgt_rcp8_se6flor-hist_comflor":30.603181839,"wbgt_hist_comflor-ERA5":27.6574935913,"wbgt_rcp8_comflor-hist_comflor":30.4194450378,"wbgt_hist_se6flor-hist_comflor":27.724357605,"wbgt_rcp8_se6flor-rcp8_comflor":30.603181839,"wbgt_hist_comflor":27.6574935913,"wbgt_rcp4_se6flor":28.9162797928,"wbgt_ERA5":27.6388149261,"wbgt_rcp4_se6flor-rcp4_comflor":28.9162797928,"wbgt_rcp4_comflor":28.952960968,"local_0-2km_start":0.0,"regional_2-5km_start":0.0,"regional_5-10km_start":0.0,"regional_10-25km_start":0.0,"regional_25-50km_start":0.0,"regional_50-100km_start":0.0,"local_0-2km_end":0.0,"regional_2-5km_end":0.0,"regional_5-10km_end":0.0,"regional_10-25km_end":0.0,"regional_25-50km_end":0.0,"regional_50-100km_end":0.0,"Delta_T":0.0,"regional_2-10km_start":0.0,"regional_2-10km_end":0.0,"regional_10-100km_start":0.0,"regional_10-100km_end":0.0},"75%":{"wbgt_rcp8_se6flor":32.5097236633,"wbgt_hist_se6flor":29.2410726547,"wbgt_rcp4_comflor-hist_comflor":30.0305094719,"wbgt_rcp4_se6flor-hist_comflor":30.4281749725,"wbgt_rcp8_comflor":31.7636294365,"wbgt_rcp8_se6flor-hist_comflor":32.5097236633,"wbgt_hist_comflor-ERA5":28.7591619492,"wbgt_rcp8_comflor-hist_comflor":31.7636294365,"wbgt_hist_se6flor-hist_comflor":29.2410726547,"wbgt_rcp8_se6flor-rcp8_comflor":32.5097236633,"wbgt_hist_comflor":28.7591619492,"wbgt_rcp4_se6flor":30.4281749725,"wbgt_ERA5":28.8465976715,"wbgt_rcp4_se6flor-rcp4_comflor":30.4281749725,"wbgt_rcp4_comflor":30.0305094719,"local_0-2km_start":0.8506243763,"regional_2-5km_start":0.8346159055,"regional_5-10km_start":0.8282138426,"regional_10-25km_start":0.8124831339,"regional_25-50km_start":0.800563132,"regional_50-100km_start":0.7729107264,"local_0-2km_end":0.6816339549,"regional_2-5km_end":0.6674626152,"regional_5-10km_end":0.665300369,"regional_10-25km_end":0.6555320741,"regional_25-50km_end":0.6675514907,"regional_50-100km_end":0.6723650722,"Delta_T":0.1395462728,"regional_2-10km_start":0.8315595379,"regional_2-10km_end":0.6627416895,"regional_10-100km_start":0.7961428737,"regional_10-100km_end":0.6647805683},"max":{"wbgt_rcp8_se6flor":41.1567611694,"wbgt_hist_se6flor":34.8948669434,"wbgt_rcp4_comflor-hist_comflor":31.7396907806,"wbgt_rcp4_se6flor-hist_comflor":37.8965072632,"wbgt_rcp8_comflor":33.9506072998,